﻿<?xml version="1.0" encoding="utf-8"?>
<WashModuleSettings>
  <!-- Flags -->
  <Version>1</Version>
  <IsEnabled>True</IsEnabled>
  <IsLogDataEnabled>True</IsLogDataEnabled>
  <!--Log every 10 events (@1 second)-->
  <LogPeriodFactor>10</LogPeriodFactor>
  <AreLiquidSensorsEnabled>True</AreLiquidSensorsEnabled>
  <IsPressureSensorEnabled>True</IsPressureSensorEnabled>
  <IsWasteOverflowMonitorEnabled>True</IsWasteOverflowMonitorEnabled>
  <IsWasteOverflowRecoveryEnabled>True</IsWasteOverflowRecoveryEnabled>
  <!-- Wait times (ms) -->
  <FlowSensorTimeout>20000</FlowSensorTimeout>
  <!--new pump motor: doubled flow sensor timeout-->
  <VentingTimeout>10000</VentingTimeout>
  <Dead_Volume_Pull_Time>4000</Dead_Volume_Pull_Time>
  <Remove_Excess_Vent_Time>5000</Remove_Excess_Vent_Time>
  <!--Sensor calibrations -->
  <SensorCell_Dry>3.40</SensorCell_Dry>
  <SensorCell_Wet>8.78</SensorCell_Wet>
  <SensorSyringe_Dry>2.39</SensorSyringe_Dry>
  <SensorSyringe_Wet>6.31</SensorSyringe_Wet>
  <SensorWaste_Dry>5.76</SensorWaste_Dry>
  <SensorWaste_Deviation>1.0</SensorWaste_Deviation>
  <!--Pressure V-->
  <SensorPressure_LowV>-3.31</SensorPressure_LowV>
  <SensorPressure_HighV>4.95</SensorPressure_HighV>
  <!--Pressure-->
  <!--line -->
  <SensorPressure_Slope>10.20</SensorPressure_Slope>
  <SensorPressure_Offset>-50.49</SensorPressure_Offset>
  <!--kPA (Low negative for high vacuum)-->
  <Low_Pressure_Threshold>-70</Low_Pressure_Threshold>
  <High_Pressure_Threshold>-10</High_Pressure_Threshold>
  <High_Pressure_Slow_Threshold>-30</High_Pressure_Slow_Threshold>
  <!--leak rate in kPA/min-->
  <SensorPressure_LeakRateThreshold>50</SensorPressure_LeakRateThreshold>
  <ElevatedTempSoak_Warm_Time>3600000</ElevatedTempSoak_Warm_Time>
  <ElevatedTempSoak_Cool_Time>900000</ElevatedTempSoak_Cool_Time>
  <Methanol_Dry_Time>40000</Methanol_Dry_Time>
  <IsInputVoltageCheckEnabled>False</IsInputVoltageCheckEnabled>
  <Detergent_Rinse_Time_Cell>10000</Detergent_Rinse_Time_Cell>
  <Venting_Time_Out>30000</Venting_Time_Out>
  <Detergent_Rinse_Time_Syringe>20000</Detergent_Rinse_Time_Syringe>
  <Elevated_Soak_Temperature>60</Elevated_Soak_Temperature>
  <WasteOverflowDryTime>900000</WasteOverflowDryTime>
  <Serial_Number>185</Serial_Number>
</WashModuleSettings>