<?xml version="1.0" encoding="utf-8"?>
<CellArm xmlns:xsi="http://www.w3.org/2001/XMLSchema-instance" xmlns:xsd="http://www.w3.org/2001/XMLSchema">
  <Name>Cell Arm</Name>
  <DeviceType>CellArm</DeviceType>
  <Motors>
    <Motor>
      <Description>Cell Arm Elevate</Description>
      <Address>1</Address>
      <MoveTimeoutSecs>40</MoveTimeoutSecs>
      <LogCommEnabled>true</LogCommEnabled>
      <MotorIndex>0</MotorIndex>
      <Direction>1</Direction>
      <HoldCurrent>50</HoldCurrent>
      <RunCurrent>100</RunCurrent>
      <StepsPerMillimeter>39.37</StepsPerMillimeter>
      <HomeSpeed>750</HomeSpeed>
      <HomeDistance>20000</HomeDistance>
      <HomeSwitch1>0</HomeSwitch1>
      <HomeSwitch2>-1</HomeSwitch2>
      <BumpDistance>-1</BumpDistance>
      <ExtendSwitch1>-1</ExtendSwitch1>
      <ExtendSwitch2>-1</ExtendSwitch2>
      <ExtendDistance>0</ExtendDistance>
      <ExtendOffset>0</ExtendOffset>
      <ExtendSpeed>0</ExtendSpeed>
      <RetractSwitch1>0</RetractSwitch1>
      <RetractSwitch2>-1</RetractSwitch2>
      <RetractDistance>20000</RetractDistance>
      <RetractOffset>0</RetractOffset>
      <RetractSpeed>1000</RetractSpeed>
      <JogSpeed>500</JogSpeed>
      <JogDelay>500</JogDelay>
      <xErrorCount>0</xErrorCount>
      <yErrorCount>0</yErrorCount>
      <zErrorCount>0</zErrorCount>
    </Motor>
    <Motor>
      <Description>Cell Arm Rotate</Description>
      <Address>2</Address>
      <MoveTimeoutSecs>20</MoveTimeoutSecs>
      <LogCommEnabled>true</LogCommEnabled>
      <MotorIndex>1</MotorIndex>
      <Direction>1</Direction>
      <HoldCurrent>50</HoldCurrent>
      <RunCurrent>100</RunCurrent>
      <StepsPerMillimeter>4.29</StepsPerMillimeter>
      <HomeSpeed>600</HomeSpeed>
      <HomeDistance>3000</HomeDistance>
      <HomeSwitch1>0</HomeSwitch1>
      <HomeSwitch2>0</HomeSwitch2>
      <BumpDistance>-1</BumpDistance>
      <ExtendSwitch1>1</ExtendSwitch1>
      <ExtendSwitch2>0</ExtendSwitch2>
      <ExtendDistance>-3000</ExtendDistance>
      <ExtendOffset>0</ExtendOffset>
      <ExtendSpeed>800</ExtendSpeed>
      <RetractSwitch1>0</RetractSwitch1>
      <RetractSwitch2>-1</RetractSwitch2>
      <RetractDistance>3000</RetractDistance>
      <RetractOffset>0</RetractOffset>
      <RetractSpeed>1000</RetractSpeed>
      <JogSpeed>500</JogSpeed>
      <JogDelay>500</JogDelay>
      <xErrorCount>0</xErrorCount>
      <yErrorCount>0</yErrorCount>
      <zErrorCount>0</zErrorCount>
    </Motor>
    <Motor>
      <Description>Cell Arm Extend</Description>
      <Address>5</Address>
      <MoveTimeoutSecs>20</MoveTimeoutSecs>
      <LogCommEnabled>true</LogCommEnabled>
      <MotorIndex>2</MotorIndex>
      <Direction>1</Direction>
      <HoldCurrent>10</HoldCurrent>
      <RunCurrent>50</RunCurrent>
      <StepsPerMillimeter>200</StepsPerMillimeter>
      <HomeSpeed>800</HomeSpeed>
      <HomeDistance>-5000</HomeDistance>
      <HomeSwitch1>0</HomeSwitch1>
      <HomeSwitch2>-1</HomeSwitch2>
      <BumpDistance>-1</BumpDistance>
      <ExtendSwitch1>-1</ExtendSwitch1>
      <ExtendSwitch2>-1</ExtendSwitch2>
      <ExtendDistance>0</ExtendDistance>
      <ExtendOffset>0</ExtendOffset>
      <ExtendSpeed>0</ExtendSpeed>
      <RetractSwitch1>0</RetractSwitch1>
      <RetractSwitch2>-1</RetractSwitch2>
      <RetractDistance>-5000</RetractDistance>
      <RetractOffset>0</RetractOffset>
      <RetractSpeed>800</RetractSpeed>
      <JogSpeed>500</JogSpeed>
      <JogDelay>500</JogDelay>
      <xErrorCount>0</xErrorCount>
      <yErrorCount>0</yErrorCount>
      <zErrorCount>0</zErrorCount>
    </Motor>
  </Motors>
  <Pumps>
    <Pump>
      <Description>Cell Pump</Description>
      <Address>57</Address>
      <Valves>
        <PumpValve>
          <Description>blocked</Description>
          <Type>Unused</Type>
        </PumpValve>
        <PumpValve>
          <Description>Needle</Description>
          <Type>Needle</Type>
        </PumpValve>
        <PumpValve>
          <Description>Vent</Description>
          <Type>SourceOnly</Type>
        </PumpValve>
        <PumpValve>
          <Description>Water</Description>
          <Type>SourceOnly</Type>
        </PumpValve>
        <PumpValve>
          <Description>Cleaner</Description>
          <Type>SourceOnly</Type>
        </PumpValve>
        <PumpValve>
          <Description>Reagent3</Description>
          <Type>SourceOnly</Type>
        </PumpValve>
        <PumpValve>
          <Description>Waste</Description>
          <Type>DestinationOnly</Type>
        </PumpValve>
        <PumpValve>
          <Description>PrepWaste</Description>
          <Type>SourceOrDestination</Type>
        </PumpValve>
      </Valves>
      <Outputs />
      <Volume>1250</Volume>
      <StepsPerUl>19.2</StepsPerUl>
      <PumpTimeoutSecs>60</PumpTimeoutSecs>
      <DeadVolume>0</DeadVolume>
      <LogCommEnabled>true</LogCommEnabled>
      <CommEnabled>true</CommEnabled>
    </Pump>
  </Pumps>
  <Locations>
    <Location>
      <Name>Safe</Name>
      <Axis1Description>Elevate (Z)</Axis1Description>
      <LocationAxis1>-983</LocationAxis1>
      <VelocityAxis1>998</VelocityAxis1>
      <AccelerationAxis1>1000</AccelerationAxis1>
      <Axis2Description>Rotate (R)</Axis2Description>
      <LocationAxis2>51</LocationAxis2>
      <VelocityAxis2>999</VelocityAxis2>
      <AccelerationAxis2>1000</AccelerationAxis2>
      <Axis3Description>Extend</Axis3Description>
      <LocationAxis3>0</LocationAxis3>
      <VelocityAxis3>1000</VelocityAxis3>
      <AccelerationAxis3>1000</AccelerationAxis3>
      <ApproachZ>5000</ApproachZ>
    </Location>
    <Location>
      <Name>Tube1</Name>
      <Axis1Description>Elevate (Z)</Axis1Description>
      <LocationAxis1>-9216</LocationAxis1>
      <VelocityAxis1>998</VelocityAxis1>
      <AccelerationAxis1>1000</AccelerationAxis1>
      <Axis2Description>Rotate (R)</Axis2Description>
      <LocationAxis2>-176</LocationAxis2>
      <VelocityAxis2>999</VelocityAxis2>
      <AccelerationAxis2>1000</AccelerationAxis2>
      <Axis3Description>Extend</Axis3Description>
      <LocationAxis3>4678</LocationAxis3>
      <VelocityAxis3>1000</VelocityAxis3>
      <AccelerationAxis3>1000</AccelerationAxis3>
      <ApproachZ>5000</ApproachZ>
    </Location>
    <Location>
      <Name>Tube2</Name>
      <Axis1Description>Elevate (Z)</Axis1Description>
      <LocationAxis1>-9222</LocationAxis1>
      <VelocityAxis1>998</VelocityAxis1>
      <AccelerationAxis1>1000</AccelerationAxis1>
      <Axis2Description>Rotate (R)</Axis2Description>
      <LocationAxis2>-64</LocationAxis2>
      <VelocityAxis2>999</VelocityAxis2>
      <AccelerationAxis2>1000</AccelerationAxis2>
      <Axis3Description>Extend</Axis3Description>
      <LocationAxis3>1860</LocationAxis3>
      <VelocityAxis3>1000</VelocityAxis3>
      <AccelerationAxis3>1000</AccelerationAxis3>
      <ApproachZ>5000</ApproachZ>
    </Location>
    <Location>
      <Name>Tube3</Name>
      <Axis1Description>Elevate (Z)</Axis1Description>
      <LocationAxis1>-9229</LocationAxis1>
      <VelocityAxis1>998</VelocityAxis1>
      <AccelerationAxis1>1000</AccelerationAxis1>
      <Axis2Description>Rotate (R)</Axis2Description>
      <LocationAxis2>64</LocationAxis2>
      <VelocityAxis2>999</VelocityAxis2>
      <AccelerationAxis2>1000</AccelerationAxis2>
      <Axis3Description>Extend</Axis3Description>
      <LocationAxis3>74</LocationAxis3>
      <VelocityAxis3>1000</VelocityAxis3>
      <AccelerationAxis3>1000</AccelerationAxis3>
      <ApproachZ>5000</ApproachZ>
    </Location>
    <Location>
      <Name>Tube4</Name>
      <Axis1Description>Elevate (Z)</Axis1Description>
      <LocationAxis1>-9196</LocationAxis1>
      <VelocityAxis1>998</VelocityAxis1>
      <AccelerationAxis1>1000</AccelerationAxis1>
      <Axis2Description>Rotate (R)</Axis2Description>
      <LocationAxis2>203</LocationAxis2>
      <VelocityAxis2>999</VelocityAxis2>
      <AccelerationAxis2>1000</AccelerationAxis2>
      <Axis3Description>Extend</Axis3Description>
      <LocationAxis3>-340</LocationAxis3>
      <VelocityAxis3>1000</VelocityAxis3>
      <AccelerationAxis3>1000</AccelerationAxis3>
      <ApproachZ>5000</ApproachZ>
    </Location>
    <Location>
      <Name>Tube5</Name>
      <Axis1Description>Elevate (Z)</Axis1Description>
      <LocationAxis1>-9175</LocationAxis1>
      <VelocityAxis1>998</VelocityAxis1>
      <AccelerationAxis1>1000</AccelerationAxis1>
      <Axis2Description>Rotate (R)</Axis2Description>
      <LocationAxis2>335</LocationAxis2>
      <VelocityAxis2>999</VelocityAxis2>
      <AccelerationAxis2>1000</AccelerationAxis2>
      <Axis3Description>Extend</Axis3Description>
      <LocationAxis3>580</LocationAxis3>
      <VelocityAxis3>1000</VelocityAxis3>
      <AccelerationAxis3>1000</AccelerationAxis3>
      <ApproachZ>5000</ApproachZ>
    </Location>
    <Location>
      <Name>Cell</Name>
      <Axis1Description>Elevate (Z)</Axis1Description>
      <LocationAxis1>-6998</LocationAxis1>
      <VelocityAxis1>998</VelocityAxis1>
      <AccelerationAxis1>1000</AccelerationAxis1>
      <Axis2Description>Rotate (R)</Axis2Description>
      <LocationAxis2>-1754</LocationAxis2>
      <VelocityAxis2>999</VelocityAxis2>
      <AccelerationAxis2>1000</AccelerationAxis2>
      <Axis3Description>Extend</Axis3Description>
      <LocationAxis3>1900</LocationAxis3>
      <VelocityAxis3>1000</VelocityAxis3>
      <AccelerationAxis3>1000</AccelerationAxis3>
      <ApproachZ>5000</ApproachZ>
    </Location>
    <Location>
      <Name>Prep</Name>
      <Axis1Description>Elevate (Z)</Axis1Description>
      <LocationAxis1>-8442</LocationAxis1>
      <VelocityAxis1>998</VelocityAxis1>
      <AccelerationAxis1>1000</AccelerationAxis1>
      <Axis2Description>Rotate (R)</Axis2Description>
      <LocationAxis2>-541</LocationAxis2>
      <VelocityAxis2>999</VelocityAxis2>
      <AccelerationAxis2>1000</AccelerationAxis2>
      <Axis3Description>Extend</Axis3Description>
      <LocationAxis3>1839</LocationAxis3>
      <VelocityAxis3>1000</VelocityAxis3>
      <AccelerationAxis3>1000</AccelerationAxis3>
      <ApproachZ>5000</ApproachZ>
    </Location>
    <Location>
      <Name>AboveCell</Name>
      <Axis1Description>Elevate (Z)</Axis1Description>
      <LocationAxis1>-983</LocationAxis1>
      <VelocityAxis1>998</VelocityAxis1>
      <AccelerationAxis1>1000</AccelerationAxis1>
      <Axis2Description>Rotate (R)</Axis2Description>
      <LocationAxis2>-1755</LocationAxis2>
      <VelocityAxis2>999</VelocityAxis2>
      <AccelerationAxis2>1000</AccelerationAxis2>
      <Axis3Description>Extend</Axis3Description>
      <LocationAxis3>0</LocationAxis3>
      <VelocityAxis3>1000</VelocityAxis3>
      <AccelerationAxis3>1000</AccelerationAxis3>
      <ApproachZ>5000</ApproachZ>
    </Location>
    <Location>
      <Name>Tray</Name>
      <Axis1Description>Elevate (Z)</Axis1Description>
      <LocationAxis1>-13803</LocationAxis1>
      <VelocityAxis1>998</VelocityAxis1>
      <AccelerationAxis1>1000</AccelerationAxis1>
      <Axis2Description>Rotate (R)</Axis2Description>
      <LocationAxis2>-760</LocationAxis2>
      <VelocityAxis2>999</VelocityAxis2>
      <AccelerationAxis2>1000</AccelerationAxis2>
      <Axis3Description>Extend</Axis3Description>
      <LocationAxis3>1920</LocationAxis3>
      <VelocityAxis3>1000</VelocityAxis3>
      <AccelerationAxis3>1000</AccelerationAxis3>
      <ApproachZ>5000</ApproachZ>
    </Location>
    <Location>
      <Name>Park</Name>
      <Axis1Description>Elevate (Z)</Axis1Description>
      <LocationAxis1>0</LocationAxis1>
      <VelocityAxis1>1000</VelocityAxis1>
      <AccelerationAxis1>1000</AccelerationAxis1>
      <Axis2Description>Rotate (R)</Axis2Description>
      <LocationAxis2>0</LocationAxis2>
      <VelocityAxis2>1000</VelocityAxis2>
      <AccelerationAxis2>1000</AccelerationAxis2>
      <Axis3Description>Extend</Axis3Description>
      <LocationAxis3>0</LocationAxis3>
      <VelocityAxis3>1000</VelocityAxis3>
      <AccelerationAxis3>1000</AccelerationAxis3>
      <ApproachZ>5000</ApproachZ>
    </Location>
    <Location>
      <Name>Test1</Name>
      <Axis1Description>Elevate (Z)</Axis1Description>
      <LocationAxis1>-2820</LocationAxis1>
      <VelocityAxis1>998</VelocityAxis1>
      <AccelerationAxis1>1000</AccelerationAxis1>
      <Axis2Description>Rotate (R)</Axis2Description>
      <LocationAxis2>-1755</LocationAxis2>
      <VelocityAxis2>999</VelocityAxis2>
      <AccelerationAxis2>1000</AccelerationAxis2>
      <Axis3Description>Extend</Axis3Description>
      <LocationAxis3>1900</LocationAxis3>
      <VelocityAxis3>1000</VelocityAxis3>
      <AccelerationAxis3>1000</AccelerationAxis3>
      <ApproachZ>5000</ApproachZ>
    </Location>
    <Location>
      <Name>Test2</Name>
      <Axis1Description>Elevate (Z)</Axis1Description>
      <LocationAxis1>-4181</LocationAxis1>
      <VelocityAxis1>998</VelocityAxis1>
      <AccelerationAxis1>1000</AccelerationAxis1>
      <Axis2Description>Rotate (R)</Axis2Description>
      <LocationAxis2>-176</LocationAxis2>
      <VelocityAxis2>999</VelocityAxis2>
      <AccelerationAxis2>1000</AccelerationAxis2>
      <Axis3Description>Extend</Axis3Description>
      <LocationAxis3>4678</LocationAxis3>
      <VelocityAxis3>1000</VelocityAxis3>
      <AccelerationAxis3>1000</AccelerationAxis3>
      <ApproachZ>5000</ApproachZ>
    </Location>
  </Locations>
  <Actuators />
  <Inputs>
    <Input>
      <IoType>Input</IoType>
      <Address>4</Address>
      <Description>Left Door Open/Closed</Description>
      <OffStateDescription>Open</OffStateDescription>
      <OnStateDescription>Closed</OnStateDescription>
      <IoNumber>5</IoNumber>
      <InvertPolarity>true</InvertPolarity>
      <LogCommEnabled>true</LogCommEnabled>
    </Input>
    <Input>
      <IoType>Input</IoType>
      <Address>4</Address>
      <Description>Right Door Open/Closed</Description>
      <OffStateDescription>Open</OffStateDescription>
      <OnStateDescription>Closed</OnStateDescription>
      <IoNumber>6</IoNumber>
      <InvertPolarity>true</InvertPolarity>
      <LogCommEnabled>true</LogCommEnabled>
    </Input>
  </Inputs>
  <Outputs>
    <Output>
      <IoType>Output</IoType>
      <Address>7</Address>
      <Description>Liquid Valve Needle</Description>
      <OffStateDescription>Blocked</OffStateDescription>
      <OnStateDescription>Open</OnStateDescription>
      <IoNumber>1</IoNumber>
      <InvertPolarity>false</InvertPolarity>
      <LogCommEnabled>true</LogCommEnabled>
      <PickPwm>100</PickPwm>
      <HoldPwm>30</HoldPwm>
      <PickTime>-1</PickTime>
    </Output>
    <Output>
      <IoType>Output</IoType>
      <Address>7</Address>
      <Description>Gas Valve Needle</Description>
      <OffStateDescription>Blocked</OffStateDescription>
      <OnStateDescription>Open</OnStateDescription>
      <IoNumber>2</IoNumber>
      <InvertPolarity>false</InvertPolarity>
      <LogCommEnabled>true</LogCommEnabled>
      <PickPwm>100</PickPwm>
      <HoldPwm>30</HoldPwm>
      <PickTime>-1</PickTime>
    </Output>
    <Output>
      <IoType>Output</IoType>
      <Address>4</Address>
      <Description>Door Lock</Description>
      <OffStateDescription>Locked</OffStateDescription>
      <OnStateDescription>Unlocked</OnStateDescription>
      <IoNumber>3</IoNumber>
      <InvertPolarity>false</InvertPolarity>
      <LogCommEnabled>true</LogCommEnabled>
      <PickPwm>100</PickPwm>
      <HoldPwm>30</HoldPwm>
      <PickTime>250</PickTime>
    </Output>
  </Outputs>
  <CommPortNumber>5</CommPortNumber>
  <ZPosForRHome>-500</ZPosForRHome>
  <TrayPierceOffset>50</TrayPierceOffset>
  <CollisionZoneLowerLimit>-155</CollisionZoneLowerLimit>
  <CollisionZoneUpperLimit>-1000</CollisionZoneUpperLimit>
  <Tube5ZHeight>-6000</Tube5ZHeight>
  <InitialCleaning>false</InitialCleaning>
  <XferVolCellToTray>370</XferVolCellToTray>
  <XferSpeedCellToTray>30</XferSpeedCellToTray>
  <XferVolCellToWaste>1240</XferVolCellToWaste>
  <XferSpeedCellToWaste>200</XferSpeedCellToWaste>
</CellArm>