<?xml version="1.0" encoding="utf-8"?>
<GazelleConfig xmlns:xsi="http://www.w3.org/2001/XMLSchema-instance" xmlns:xsd="http://www.w3.org/2001/XMLSchema">
  <HighAffinityInjFile>HighAffinity.inj</HighAffinityInjFile>
  <HighAffinityCellConc>10</HighAffinityCellConc>
  <HighAffinitySyringeConc>100</HighAffinitySyringeConc>
  <HighAffinityAnalysisMethod>OneSite</HighAffinityAnalysisMethod>
  <HighAffinityUpperLimit>5E-07</HighAffinityUpperLimit>
  <MediumHighAffinityInjFile>MediumHighAffinity.inj</MediumHighAffinityInjFile>
  <MediumHighAffinityCellConc>30</MediumHighAffinityCellConc>
  <MediumHighAffinitySyringeConc>300</MediumHighAffinitySyringeConc>
  <MediumHighAffinityAnalysisMethod>OneSite</MediumHighAffinityAnalysisMethod>
  <MediumHighAffinityUpperLimit>2E-06</MediumHighAffinityUpperLimit>
  <MediumHighAffinityLowerLimit>5E-07</MediumHighAffinityLowerLimit>
  <MediumAffinityInjFile>MediumAffinity.inj</MediumAffinityInjFile>
  <MediumAffinityCellConc>50</MediumAffinityCellConc>
  <MediumAffinitySyringeConc>500</MediumAffinitySyringeConc>
  <MediumAffinityAnalysisMethod>OneSite</MediumAffinityAnalysisMethod>
  <MediumAffinityUpperLimit>1E-05</MediumAffinityUpperLimit>
  <MediumAffinityLowerLimit>2E-06</MediumAffinityLowerLimit>
  <MediumLowAffinityInjFile>MediumLowAffinity.inj</MediumLowAffinityInjFile>
  <MediumLowAffinityCellConc>30</MediumLowAffinityCellConc>
  <MediumLowAffinitySyringeConc>40</MediumLowAffinitySyringeConc>
  <MediumLowAffinityAnalysisMethod>OneSiteFixedN</MediumLowAffinityAnalysisMethod>
  <MediumLowAffinityUpperLimit>0.0001</MediumLowAffinityUpperLimit>
  <MediumLowAffinityLowerLimit>1E-05</MediumLowAffinityLowerLimit>
  <LowAffinityInjFile>LowAffinity.inj</LowAffinityInjFile>
  <LowAffinityCellConc>30</LowAffinityCellConc>
  <LowAffinitySyringeConc>20</LowAffinitySyringeConc>
  <LowAffinityAnalysisMethod>OneSiteFixedN</LowAffinityAnalysisMethod>
  <LowAffinityLowerLimit>0.0001</LowAffinityLowerLimit>
  <SimInjFile>SIM.inj</SimInjFile>
  <MaxBaselineDevFromRefPower>1E-06</MaxBaselineDevFromRefPower>
  <MaxBaselineDevMinToMax>1E-05</MaxBaselineDevMinToMax>
  <MinFirstPeakHeat>1E-05</MinFirstPeakHeat>
  <MinRatioOfBeginToEnd>2</MinRatioOfBeginToEnd>
  <NumberOfPeaksToAverage>3</NumberOfPeaksToAverage>
  <FirstAveInjection>2</FirstAveInjection>
</GazelleConfig>