<?xml version="1.0" encoding="utf-8"?>
<PipetteArm xmlns:xsi="http://www.w3.org/2001/XMLSchema-instance" xmlns:xsd="http://www.w3.org/2001/XMLSchema">
  <Name>Pipette Arm</Name>
  <DeviceType>PipetteArm</DeviceType>
  <Motors>
    <Motor>
      <Description>Pipette Arm Elevate</Description>
      <Address>1</Address>
      <MoveTimeoutSecs>20</MoveTimeoutSecs>
      <LogCommEnabled>true</LogCommEnabled>
      <MotorIndex>0</MotorIndex>
      <Direction>1</Direction>
      <HoldCurrent>50</HoldCurrent>
      <RunCurrent>100</RunCurrent>
      <StepsPerMillimeter>39.37</StepsPerMillimeter>
      <HomeSpeed>750</HomeSpeed>
      <HomeDistance>20000</HomeDistance>
      <HomeSwitch1>0</HomeSwitch1>
      <HomeSwitch2>-1</HomeSwitch2>
      <BumpDistance>-1</BumpDistance>
      <ExtendSwitch1>-1</ExtendSwitch1>
      <ExtendSwitch2>-1</ExtendSwitch2>
      <ExtendDistance>0</ExtendDistance>
      <ExtendOffset>0</ExtendOffset>
      <ExtendSpeed>0</ExtendSpeed>
      <RetractSwitch1>0</RetractSwitch1>
      <RetractSwitch2>-1</RetractSwitch2>
      <RetractDistance>20000</RetractDistance>
      <RetractOffset>0</RetractOffset>
      <RetractSpeed>1000</RetractSpeed>
      <JogSpeed>500</JogSpeed>
      <JogDelay>500</JogDelay>
      <xErrorCount>0</xErrorCount>
      <yErrorCount>0</yErrorCount>
      <zErrorCount>0</zErrorCount>
    </Motor>
    <Motor>
      <Description>Pipette Arm Rotate</Description>
      <Address>2</Address>
      <MoveTimeoutSecs>20</MoveTimeoutSecs>
      <LogCommEnabled>true</LogCommEnabled>
      <MotorIndex>1</MotorIndex>
      <Direction>1</Direction>
      <HoldCurrent>50</HoldCurrent>
      <RunCurrent>100</RunCurrent>
      <StepsPerMillimeter>4.29</StepsPerMillimeter>
      <HomeSpeed>750</HomeSpeed>
      <HomeDistance>-2000</HomeDistance>
      <HomeSwitch1>1</HomeSwitch1>
      <HomeSwitch2>0</HomeSwitch2>
      <BumpDistance>-1</BumpDistance>
      <ExtendSwitch1>0</ExtendSwitch1>
      <ExtendSwitch2>0</ExtendSwitch2>
      <ExtendDistance>2000</ExtendDistance>
      <ExtendOffset>0</ExtendOffset>
      <ExtendSpeed>800</ExtendSpeed>
      <RetractSwitch1>1</RetractSwitch1>
      <RetractSwitch2>0</RetractSwitch2>
      <RetractDistance>-2000</RetractDistance>
      <RetractOffset>0</RetractOffset>
      <RetractSpeed>800</RetractSpeed>
      <JogSpeed>500</JogSpeed>
      <JogDelay>500</JogDelay>
      <xErrorCount>0</xErrorCount>
      <yErrorCount>0</yErrorCount>
      <zErrorCount>0</zErrorCount>
    </Motor>
  </Motors>
  <Pumps />
  <Locations>
    <Location>
      <Name>Safe</Name>
      <Axis1Description>Elevate (Z)</Axis1Description>
      <LocationAxis1>-492</LocationAxis1>
      <VelocityAxis1>998</VelocityAxis1>
      <AccelerationAxis1>1000</AccelerationAxis1>
      <Axis2Description>Rotate (R)</Axis2Description>
      <LocationAxis2>-83</LocationAxis2>
      <VelocityAxis2>999</VelocityAxis2>
      <AccelerationAxis2>1000</AccelerationAxis2>
      <Axis3Description />
      <LocationAxis3>0</LocationAxis3>
      <VelocityAxis3>1000</VelocityAxis3>
      <AccelerationAxis3>1000</AccelerationAxis3>
      <ApproachZ>5000</ApproachZ>
    </Location>
    <Location>
      <Name>WashAndLoad</Name>
      <Axis1Description>Elevate (Z)</Axis1Description>
      <LocationAxis1>-6535</LocationAxis1>
      <VelocityAxis1>998</VelocityAxis1>
      <AccelerationAxis1>1000</AccelerationAxis1>
      <Axis2Description>Rotate (R)</Axis2Description>
      <LocationAxis2>141</LocationAxis2>
      <VelocityAxis2>999</VelocityAxis2>
      <AccelerationAxis2>1000</AccelerationAxis2>
      <Axis3Description />
      <LocationAxis3>0</LocationAxis3>
      <VelocityAxis3>1000</VelocityAxis3>
      <AccelerationAxis3>1000</AccelerationAxis3>
      <ApproachZ>5000</ApproachZ>
    </Location>
    <Location>
      <Name>Cell</Name>
      <Axis1Description>Elevate (Z)</Axis1Description>
      <LocationAxis1>-7840</LocationAxis1>
      <VelocityAxis1>998</VelocityAxis1>
      <AccelerationAxis1>1000</AccelerationAxis1>
      <Axis2Description>Rotate (R)</Axis2Description>
      <LocationAxis2>1509</LocationAxis2>
      <VelocityAxis2>999</VelocityAxis2>
      <AccelerationAxis2>1000</AccelerationAxis2>
      <Axis3Description />
      <LocationAxis3>0</LocationAxis3>
      <VelocityAxis3>1000</VelocityAxis3>
      <AccelerationAxis3>1000</AccelerationAxis3>
      <ApproachZ>5000</ApproachZ>
    </Location>
    <Location>
      <Name>Test1</Name>
      <Axis1Description>Elevate (Z)</Axis1Description>
      <LocationAxis1>-2066</LocationAxis1>
      <VelocityAxis1>998</VelocityAxis1>
      <AccelerationAxis1>1000</AccelerationAxis1>
      <Axis2Description>Rotate (R)</Axis2Description>
      <LocationAxis2>1509</LocationAxis2>
      <VelocityAxis2>999</VelocityAxis2>
      <AccelerationAxis2>1000</AccelerationAxis2>
      <Axis3Description />
      <LocationAxis3>0</LocationAxis3>
      <VelocityAxis3>1000</VelocityAxis3>
      <AccelerationAxis3>1000</AccelerationAxis3>
      <ApproachZ>5000</ApproachZ>
    </Location>
    <Location>
      <Name>Test2</Name>
      <Axis1Description>Elevate (Z)</Axis1Description>
      <LocationAxis1>-1435</LocationAxis1>
      <VelocityAxis1>998</VelocityAxis1>
      <AccelerationAxis1>1000</AccelerationAxis1>
      <Axis2Description>Rotate (R)</Axis2Description>
      <LocationAxis2>145</LocationAxis2>
      <VelocityAxis2>999</VelocityAxis2>
      <AccelerationAxis2>1000</AccelerationAxis2>
      <Axis3Description />
      <LocationAxis3>0</LocationAxis3>
      <VelocityAxis3>1000</VelocityAxis3>
      <AccelerationAxis3>1000</AccelerationAxis3>
      <ApproachZ>5000</ApproachZ>
    </Location>
  </Locations>
  <Actuators>
    <Actuator xsi:type="ActuatorFillPortDock">
      <Name>Fill Port Dock</Name>
      <Motors>
        <Motor>
          <Description>Fill Port Dock</Description>
          <Address>5</Address>
          <MoveTimeoutSecs>20</MoveTimeoutSecs>
          <LogCommEnabled>true</LogCommEnabled>
          <MotorIndex>0</MotorIndex>
          <Direction>1</Direction>
          <HoldCurrent>10</HoldCurrent>
          <RunCurrent>50</RunCurrent>
          <StepsPerMillimeter>200</StepsPerMillimeter>
          <HomeSpeed>800</HomeSpeed>
          <HomeDistance>-5000</HomeDistance>
          <HomeSwitch1>0</HomeSwitch1>
          <HomeSwitch2>-1</HomeSwitch2>
          <BumpDistance>-1</BumpDistance>
          <ExtendSwitch1>-1</ExtendSwitch1>
          <ExtendSwitch2>-1</ExtendSwitch2>
          <ExtendDistance>0</ExtendDistance>
          <ExtendOffset>0</ExtendOffset>
          <ExtendSpeed>0</ExtendSpeed>
          <RetractSwitch1>0</RetractSwitch1>
          <RetractSwitch2>-1</RetractSwitch2>
          <RetractDistance>-5000</RetractDistance>
          <RetractOffset>0</RetractOffset>
          <RetractSpeed>800</RetractSpeed>
          <JogSpeed>500</JogSpeed>
          <JogDelay>500</JogDelay>
          <xErrorCount>0</xErrorCount>
          <yErrorCount>0</yErrorCount>
          <zErrorCount>0</zErrorCount>
        </Motor>
      </Motors>
      <Locations>
        <Location>
          <Name>Retracted</Name>
          <Axis1Description>Extend/Retract</Axis1Description>
          <LocationAxis1>-50</LocationAxis1>
          <VelocityAxis1>800</VelocityAxis1>
          <AccelerationAxis1>800</AccelerationAxis1>
          <Axis2Description />
          <LocationAxis2>0</LocationAxis2>
          <VelocityAxis2>1000</VelocityAxis2>
          <AccelerationAxis2>1000</AccelerationAxis2>
          <Axis3Description />
          <LocationAxis3>0</LocationAxis3>
          <VelocityAxis3>1000</VelocityAxis3>
          <AccelerationAxis3>1000</AccelerationAxis3>
          <ApproachZ>0</ApproachZ>
        </Location>
        <Location>
          <Name>Docked</Name>
          <Axis1Description>Extend/Retract</Axis1Description>
          <LocationAxis1>2080</LocationAxis1>
          <VelocityAxis1>800</VelocityAxis1>
          <AccelerationAxis1>800</AccelerationAxis1>
          <Axis2Description />
          <LocationAxis2>0</LocationAxis2>
          <VelocityAxis2>1000</VelocityAxis2>
          <AccelerationAxis2>1000</AccelerationAxis2>
          <Axis3Description />
          <LocationAxis3>0</LocationAxis3>
          <VelocityAxis3>1000</VelocityAxis3>
          <AccelerationAxis3>1000</AccelerationAxis3>
          <ApproachZ>0</ApproachZ>
        </Location>
      </Locations>
      <Inputs />
      <Outputs />
    </Actuator>
  </Actuators>
  <Inputs>
    <Input>
      <IoType>Input</IoType>
      <Address>7</Address>
      <Description>Stop Solenoid</Description>
      <OffStateDescription>Extended</OffStateDescription>
      <OnStateDescription>Retracted</OnStateDescription>
      <IoNumber>3</IoNumber>
      <InvertPolarity>true</InvertPolarity>
      <LogCommEnabled>true</LogCommEnabled>
    </Input>
    <Input>
      <IoType>Input</IoType>
      <Address>7</Address>
      <Description>Fill Port Dock</Description>
      <OffStateDescription>Extended</OffStateDescription>
      <OnStateDescription>Retracted</OnStateDescription>
      <IoNumber>1</IoNumber>
      <InvertPolarity>true</InvertPolarity>
      <LogCommEnabled>true</LogCommEnabled>
    </Input>
    <Input>
      <IoType>Input</IoType>
      <Address>7</Address>
      <Description>Wash/Load Position</Description>
      <OffStateDescription>NOT at Wash/Load</OffStateDescription>
      <OnStateDescription>At Wash/Load</OnStateDescription>
      <IoNumber>5</IoNumber>
      <InvertPolarity>true</InvertPolarity>
      <LogCommEnabled>true</LogCommEnabled>
    </Input>
    <Input>
      <IoType>Input</IoType>
      <Address>7</Address>
      <Description>Cell Position</Description>
      <OffStateDescription>NOT at Cell</OffStateDescription>
      <OnStateDescription>At Cell</OnStateDescription>
      <IoNumber>6</IoNumber>
      <InvertPolarity>true</InvertPolarity>
      <LogCommEnabled>true</LogCommEnabled>
    </Input>
    <Input>
      <IoType>Input</IoType>
      <Address>7</Address>
      <Description>Pipette Pin Sense</Description>
      <OffStateDescription>Clear</OffStateDescription>
      <OnStateDescription>Located</OnStateDescription>
      <IoNumber>2</IoNumber>
      <InvertPolarity>true</InvertPolarity>
      <LogCommEnabled>true</LogCommEnabled>
    </Input>
  </Inputs>
  <Outputs>
    <Output>
      <IoType>Output</IoType>
      <Address>7</Address>
      <Description>Stop Solenoid</Description>
      <OffStateDescription>Retract</OffStateDescription>
      <OnStateDescription>Extend</OnStateDescription>
      <IoNumber>4</IoNumber>
      <InvertPolarity>false</InvertPolarity>
      <LogCommEnabled>true</LogCommEnabled>
      <PickPwm>100</PickPwm>
      <HoldPwm>30</HoldPwm>
      <PickTime>-1</PickTime>
    </Output>
    <Output>
      <IoType>Output</IoType>
      <Address>7</Address>
      <Description>Lights</Description>
      <OffStateDescription>Off</OffStateDescription>
      <OnStateDescription>On</OnStateDescription>
      <IoNumber>3</IoNumber>
      <InvertPolarity>false</InvertPolarity>
      <LogCommEnabled>true</LogCommEnabled>
      <PickPwm>100</PickPwm>
      <HoldPwm>1</HoldPwm>
      <PickTime>-1</PickTime>
    </Output>
  </Outputs>
  <CommPortNumber>7</CommPortNumber>
  <ZPosForRHome>-500</ZPosForRHome>
  <DockingStirSpeed>600</DockingStirSpeed>
  <MaxJogAttempts>10</MaxJogAttempts>
  <StopSolenoidRetractTimeout>250</StopSolenoidRetractTimeout>
</PipetteArm>