<?xml version="1.0" encoding="utf-8"?>
<SystemSettings xmlns:xsi="http://www.w3.org/2001/XMLSchema-instance" xmlns:xsd="http://www.w3.org/2001/XMLSchema">
  <LCDCommPortNumber>10</LCDCommPortNumber>
  <PumpCommEnabled>true</PumpCommEnabled>
  <MotorCommEnabled>true</MotorCommEnabled>
  <TrayTemperatureCommEnabled>true</TrayTemperatureCommEnabled>
  <TubeRackTemperatureCommEnabled>true</TubeRackTemperatureCommEnabled>
  <VpvCommEnabled>true</VpvCommEnabled>
  <VpvLogComm>true</VpvLogComm>
  <CellDilutionFactor>0</CellDilutionFactor>
  <PipetteDilutionFactor>0</PipetteDilutionFactor>
  <TubeRackEnabled>true</TubeRackEnabled>
  <SystemMonitorRate>5000</SystemMonitorRate>
  <LogEnclosureTemperature>false</LogEnclosureTemperature>
  <LogDataEvents>false</LogDataEvents>
  <EnableAdvMaintTab>false</EnableAdvMaintTab>
  <EnableAdvScriptEditing>false</EnableAdvScriptEditing>
  <MinimumConcentration>0</MinimumConcentration>
  <MaximumConcentration>1000</MaximumConcentration>
  <ThermostatOffset>0</ThermostatOffset>
  <ThermostatDefaultTemp>25</ThermostatDefaultTemp>
  <LeaveCellFilled>true</LeaveCellFilled>
  <EnableAdaptiveFilter>true</EnableAdaptiveFilter>
  <LCDBrigtness>255</LCDBrigtness>
  <LCDButtonBeepDuration>5</LCDButtonBeepDuration>
  <MaintenanceScriptButtons>
    <MaintenanceScriptButtonData>
      <Text>Prime Pumps</Text>
      <Location>
        <X>30</X>
        <Y>100</Y>
      </Location>
      <Size>
        <Width>100</Width>
        <Height>50</Height>
      </Size>
      <MaintenanceScripts>
        <MaintenanceScriptData>
          <ScriptName>Prime CA Pump.mcm</ScriptName>
          <DockPipetteForScript>false</DockPipetteForScript>
          <MovePipetteToCell>false</MovePipetteToCell>
        </MaintenanceScriptData>
        <MaintenanceScriptData>
          <ScriptName>Prime TA Pump.mtm</ScriptName>
          <DockPipetteForScript>false</DockPipetteForScript>
          <MovePipetteToCell>false</MovePipetteToCell>
        </MaintenanceScriptData>
      </MaintenanceScripts>
      <Description>Prime all of the lines for each pump.</Description>
    </MaintenanceScriptButtonData>
    <MaintenanceScriptButtonData>
      <Text>Clean Cell</Text>
      <Location>
        <X>30</X>
        <Y>175</Y>
      </Location>
      <Size>
        <Width>100</Width>
        <Height>50</Height>
      </Size>
      <MaintenanceScripts>
        <MaintenanceScriptData>
          <ScriptName>Cell Clean.mcm</ScriptName>
          <DockPipetteForScript>false</DockPipetteForScript>
          <MovePipetteToCell>false</MovePipetteToCell>
        </MaintenanceScriptData>
      </MaintenanceScripts>
      <Description>Move the Cell Arm to the Cell location.
Run the cell clean script.</Description>
    </MaintenanceScriptButtonData>
    <MaintenanceScriptButtonData>
      <Text>Clean Pipette</Text>
      <Location>
        <X>30</X>
        <Y>250</Y>
      </Location>
      <Size>
        <Width>100</Width>
        <Height>50</Height>
      </Size>
      <MaintenanceScripts>
        <MaintenanceScriptData>
          <ScriptName>Pipette Clean.mtm</ScriptName>
          <DockPipetteForScript>true</DockPipetteForScript>
          <MovePipetteToCell>false</MovePipetteToCell>
        </MaintenanceScriptData>
      </MaintenanceScripts>
      <Description>Move the Pipette Arm to the Wash/Load location.
Dock the pipette.
Run the pipette clean script.</Description>
    </MaintenanceScriptButtonData>
    <MaintenanceScriptButtonData>
      <Text>Clean Transfer</Text>
      <Location>
        <X>30</X>
        <Y>325</Y>
      </Location>
      <Size>
        <Width>100</Width>
        <Height>50</Height>
      </Size>
      <MaintenanceScripts>
        <MaintenanceScriptData>
          <ScriptName>Transfer Clean.mtm</ScriptName>
          <DockPipetteForScript>false</DockPipetteForScript>
          <MovePipetteToCell>false</MovePipetteToCell>
        </MaintenanceScriptData>
      </MaintenanceScripts>
      <Description>Move the Transfer Arm to the Wash/Load location.
Run the transfer clean script.</Description>
    </MaintenanceScriptButtonData>
    <MaintenanceScriptButtonData>
      <Text>Fill Cell</Text>
      <Location>
        <X>30</X>
        <Y>400</Y>
      </Location>
      <Size>
        <Width>100</Width>
        <Height>50</Height>
      </Size>
      <MaintenanceScripts>
        <MaintenanceScriptData>
          <ScriptName>Fill Cell With Water.mcm</ScriptName>
          <DockPipetteForScript>false</DockPipetteForScript>
          <MovePipetteToCell>false</MovePipetteToCell>
        </MaintenanceScriptData>
      </MaintenanceScripts>
      <Description>Move the Cell Arm to the Cell location.
Load the cell with water from the external bottle.</Description>
    </MaintenanceScriptButtonData>
    <MaintenanceScriptButtonData>
      <Text>Prep For Baseline</Text>
      <Location>
        <X>200</X>
        <Y>400</Y>
      </Location>
      <Size>
        <Width>100</Width>
        <Height>50</Height>
      </Size>
      <MaintenanceScripts>
        <MaintenanceScriptData>
          <ScriptName>Fill Cell With Water.mcm</ScriptName>
          <DockPipetteForScript>false</DockPipetteForScript>
          <MovePipetteToCell>false</MovePipetteToCell>
        </MaintenanceScriptData>
        <MaintenanceScriptData>
          <ScriptName>Fill Load Station With Water.mtm</ScriptName>
          <DockPipetteForScript>false</DockPipetteForScript>
          <MovePipetteToCell>false</MovePipetteToCell>
        </MaintenanceScriptData>
        <MaintenanceScriptData>
          <ScriptName>Load Pipette.mtm</ScriptName>
          <DockPipetteForScript>true</DockPipetteForScript>
          <MovePipetteToCell>true</MovePipetteToCell>
        </MaintenanceScriptData>
      </MaintenanceScripts>
      <Description>Move the Cell Arm to the Cell location and load with water from the external bottle.
Move the Transfer Arm to the Wash/Load location and load with water from the external bottle.
Move the Pipette Arm to the Wash/Load location, dock the pipette, and run the load pipette script.
Move the Pipette Arm to the Cell location.</Description>
    </MaintenanceScriptButtonData>
  </MaintenanceScriptButtons>
  <SerialNumber>unknown</SerialNumber>
  <FillCellScriptName>Fill Cell With Water.mcm</FillCellScriptName>
  <EmptyCellBeforeLoadScriptName>Empty Cell Before Load.mcm</EmptyCellBeforeLoadScriptName>
  <TransferArmShutdownScriptName>Final TA Valve Rinses.mtm</TransferArmShutdownScriptName>
</SystemSettings>