<?xml version="1.0" encoding="utf-8"?>
<TitrantTransferArm xmlns:xsi="http://www.w3.org/2001/XMLSchema-instance" xmlns:xsd="http://www.w3.org/2001/XMLSchema">
  <Name>Titrant Transfer Arm</Name>
  <DeviceType>TransferArm</DeviceType>
  <Motors>
    <Motor>
      <Description>Titrant Transfer Arm Elevate</Description>
      <Address>1</Address>
      <MoveTimeoutSecs>40</MoveTimeoutSecs>
      <LogCommEnabled>true</LogCommEnabled>
      <MotorIndex>0</MotorIndex>
      <Direction>1</Direction>
      <HoldCurrent>50</HoldCurrent>
      <RunCurrent>100</RunCurrent>
      <StepsPerMillimeter>39.37</StepsPerMillimeter>
      <HomeSpeed>750</HomeSpeed>
      <HomeDistance>20000</HomeDistance>
      <HomeSwitch1>0</HomeSwitch1>
      <HomeSwitch2>-1</HomeSwitch2>
      <BumpDistance>-1</BumpDistance>
      <ExtendSwitch1>-1</ExtendSwitch1>
      <ExtendSwitch2>-1</ExtendSwitch2>
      <ExtendDistance>0</ExtendDistance>
      <ExtendOffset>0</ExtendOffset>
      <ExtendSpeed>0</ExtendSpeed>
      <RetractSwitch1>0</RetractSwitch1>
      <RetractSwitch2>-1</RetractSwitch2>
      <RetractDistance>20000</RetractDistance>
      <RetractOffset>0</RetractOffset>
      <RetractSpeed>1000</RetractSpeed>
      <JogSpeed>500</JogSpeed>
      <JogDelay>500</JogDelay>
      <xErrorCount>0</xErrorCount>
      <yErrorCount>0</yErrorCount>
      <zErrorCount>0</zErrorCount>
    </Motor>
    <Motor>
      <Description>Titrant Transfer Arm Rotate</Description>
      <Address>2</Address>
      <MoveTimeoutSecs>20</MoveTimeoutSecs>
      <LogCommEnabled>true</LogCommEnabled>
      <MotorIndex>1</MotorIndex>
      <Direction>1</Direction>
      <HoldCurrent>50</HoldCurrent>
      <RunCurrent>100</RunCurrent>
      <StepsPerMillimeter>6.13</StepsPerMillimeter>
      <HomeSpeed>600</HomeSpeed>
      <HomeDistance>-3000</HomeDistance>
      <HomeSwitch1>0</HomeSwitch1>
      <HomeSwitch2>0</HomeSwitch2>
      <BumpDistance>-1</BumpDistance>
      <ExtendSwitch1>0</ExtendSwitch1>
      <ExtendSwitch2>1</ExtendSwitch2>
      <ExtendDistance>3000</ExtendDistance>
      <ExtendOffset>0</ExtendOffset>
      <ExtendSpeed>800</ExtendSpeed>
      <RetractSwitch1>0</RetractSwitch1>
      <RetractSwitch2>0</RetractSwitch2>
      <RetractDistance>-3000</RetractDistance>
      <RetractOffset>0</RetractOffset>
      <RetractSpeed>800</RetractSpeed>
      <JogSpeed>500</JogSpeed>
      <JogDelay>500</JogDelay>
      <xErrorCount>0</xErrorCount>
      <yErrorCount>0</yErrorCount>
      <zErrorCount>0</zErrorCount>
    </Motor>
    <Motor>
      <Description>Titrant Transfer Arm Extend</Description>
      <Address>5</Address>
      <MoveTimeoutSecs>20</MoveTimeoutSecs>
      <LogCommEnabled>true</LogCommEnabled>
      <MotorIndex>2</MotorIndex>
      <Direction>1</Direction>
      <HoldCurrent>10</HoldCurrent>
      <RunCurrent>50</RunCurrent>
      <StepsPerMillimeter>200</StepsPerMillimeter>
      <HomeSpeed>800</HomeSpeed>
      <HomeDistance>-5000</HomeDistance>
      <HomeSwitch1>0</HomeSwitch1>
      <HomeSwitch2>-1</HomeSwitch2>
      <BumpDistance>-1</BumpDistance>
      <ExtendSwitch1>-1</ExtendSwitch1>
      <ExtendSwitch2>-1</ExtendSwitch2>
      <ExtendDistance>0</ExtendDistance>
      <ExtendOffset>0</ExtendOffset>
      <ExtendSpeed>0</ExtendSpeed>
      <RetractSwitch1>0</RetractSwitch1>
      <RetractSwitch2>-1</RetractSwitch2>
      <RetractDistance>-5000</RetractDistance>
      <RetractOffset>0</RetractOffset>
      <RetractSpeed>800</RetractSpeed>
      <JogSpeed>500</JogSpeed>
      <JogDelay>500</JogDelay>
      <xErrorCount>0</xErrorCount>
      <yErrorCount>0</yErrorCount>
      <zErrorCount>0</zErrorCount>
    </Motor>
  </Motors>
  <Pumps>
    <Pump>
      <Description>Syringe Pump</Description>
      <Address>57</Address>
      <Valves>
        <PumpValve>
          <Description>FillPort</Description>
          <Type>SourceOrDestination</Type>
        </PumpValve>
        <PumpValve>
          <Description>Needle</Description>
          <Type>Needle</Type>
        </PumpValve>
        <PumpValve>
          <Description>Vent</Description>
          <Type>SourceOrDestination</Type>
        </PumpValve>
        <PumpValve>
          <Description>Methanol</Description>
          <Type>SourceOnly</Type>
        </PumpValve>
        <PumpValve>
          <Description>Water</Description>
          <Type>SourceOnly</Type>
        </PumpValve>
        <PumpValve>
          <Description>Cleaner</Description>
          <Type>SourceOnly</Type>
        </PumpValve>
        <PumpValve>
          <Description>Waste</Description>
          <Type>DestinationOnly</Type>
        </PumpValve>
        <PumpValve>
          <Description>NotUsed</Description>
          <Type>Unused</Type>
        </PumpValve>
      </Valves>
      <Outputs />
      <Volume>1250</Volume>
      <StepsPerUl>19.2</StepsPerUl>
      <PumpTimeoutSecs>60</PumpTimeoutSecs>
      <DeadVolume>0</DeadVolume>
      <LogCommEnabled>true</LogCommEnabled>
      <CommEnabled>true</CommEnabled>
    </Pump>
    <Pump>
      <Description>Waste Pump</Description>
      <Address>65</Address>
      <Valves>
        <PumpValve>
          <Description>blocked</Description>
          <Type>Unused</Type>
        </PumpValve>
        <PumpValve>
          <Description>Needle</Description>
          <Type>Needle</Type>
        </PumpValve>
        <PumpValve>
          <Description>Vent</Description>
          <Type>SourceOnly</Type>
        </PumpValve>
        <PumpValve>
          <Description>blocked</Description>
          <Type>Unused</Type>
        </PumpValve>
        <PumpValve>
          <Description>WashWaste</Description>
          <Type>SourceOnly</Type>
        </PumpValve>
        <PumpValve>
          <Description>blocked</Description>
          <Type>Unused</Type>
        </PumpValve>
        <PumpValve>
          <Description>Waste</Description>
          <Type>DestinationOnly</Type>
        </PumpValve>
        <PumpValve>
          <Description>blocked</Description>
          <Type>Unused</Type>
        </PumpValve>
      </Valves>
      <Outputs />
      <Volume>2500</Volume>
      <StepsPerUl>9.6</StepsPerUl>
      <PumpTimeoutSecs>60</PumpTimeoutSecs>
      <DeadVolume>0</DeadVolume>
      <LogCommEnabled>true</LogCommEnabled>
      <CommEnabled>true</CommEnabled>
    </Pump>
  </Pumps>
  <Locations>
    <Location>
      <Name>Safe</Name>
      <Axis1Description>Elevate (Z)</Axis1Description>
      <LocationAxis1>-472</LocationAxis1>
      <VelocityAxis1>999</VelocityAxis1>
      <AccelerationAxis1>1000</AccelerationAxis1>
      <Axis2Description>Rotate (R)</Axis2Description>
      <LocationAxis2>-73</LocationAxis2>
      <VelocityAxis2>1428</VelocityAxis2>
      <AccelerationAxis2>1000</AccelerationAxis2>
      <Axis3Description>Extend</Axis3Description>
      <LocationAxis3>0</LocationAxis3>
      <VelocityAxis3>1000</VelocityAxis3>
      <AccelerationAxis3>1000</AccelerationAxis3>
      <ApproachZ>5000</ApproachZ>
    </Location>
    <Location>
      <Name>Park</Name>
      <Axis1Description>Elevate (Z)</Axis1Description>
      <LocationAxis1>0</LocationAxis1>
      <VelocityAxis1>1000</VelocityAxis1>
      <AccelerationAxis1>1000</AccelerationAxis1>
      <Axis2Description>Rotate (R)</Axis2Description>
      <LocationAxis2>0</LocationAxis2>
      <VelocityAxis2>1000</VelocityAxis2>
      <AccelerationAxis2>1000</AccelerationAxis2>
      <Axis3Description>Extend</Axis3Description>
      <LocationAxis3>0</LocationAxis3>
      <VelocityAxis3>1000</VelocityAxis3>
      <AccelerationAxis3>1000</AccelerationAxis3>
      <ApproachZ>5000</ApproachZ>
    </Location>
    <Location>
      <Name>WashAndLoad</Name>
      <Axis1Description>Elevate (Z)</Axis1Description>
      <LocationAxis1>-6818</LocationAxis1>
      <VelocityAxis1>998</VelocityAxis1>
      <AccelerationAxis1>1000</AccelerationAxis1>
      <Axis2Description>Rotate (R)</Axis2Description>
      <LocationAxis2>1909</LocationAxis2>
      <VelocityAxis2>1427</VelocityAxis2>
      <AccelerationAxis2>1000</AccelerationAxis2>
      <Axis3Description>Extend</Axis3Description>
      <LocationAxis3>4480</LocationAxis3>
      <VelocityAxis3>1000</VelocityAxis3>
      <AccelerationAxis3>1000</AccelerationAxis3>
      <ApproachZ>5000</ApproachZ>
    </Location>
    <Location>
      <Name>Tray</Name>
      <Axis1Description>Elevate (Z)</Axis1Description>
      <LocationAxis1>-15318</LocationAxis1>
      <VelocityAxis1>998</VelocityAxis1>
      <AccelerationAxis1>1000</AccelerationAxis1>
      <Axis2Description>Rotate (R)</Axis2Description>
      <LocationAxis2>1257</LocationAxis2>
      <VelocityAxis2>1427</VelocityAxis2>
      <AccelerationAxis2>1000</AccelerationAxis2>
      <Axis3Description>Extend</Axis3Description>
      <LocationAxis3>-40</LocationAxis3>
      <VelocityAxis3>1000</VelocityAxis3>
      <AccelerationAxis3>1000</AccelerationAxis3>
      <ApproachZ>5000</ApproachZ>
    </Location>
    <Location>
      <Name>Test1</Name>
      <Axis1Description>Elevate (Z)</Axis1Description>
      <LocationAxis1>-11459</LocationAxis1>
      <VelocityAxis1>998</VelocityAxis1>
      <AccelerationAxis1>1000</AccelerationAxis1>
      <Axis2Description>Rotate (R)</Axis2Description>
      <LocationAxis2>1257</LocationAxis2>
      <VelocityAxis2>1427</VelocityAxis2>
      <AccelerationAxis2>1000</AccelerationAxis2>
      <Axis3Description>Extend</Axis3Description>
      <LocationAxis3>-40</LocationAxis3>
      <VelocityAxis3>1000</VelocityAxis3>
      <AccelerationAxis3>1000</AccelerationAxis3>
      <ApproachZ>5000</ApproachZ>
    </Location>
    <Location>
      <Name>Test2</Name>
      <Axis1Description>Elevate (Z)</Axis1Description>
      <LocationAxis1>-2909</LocationAxis1>
      <VelocityAxis1>998</VelocityAxis1>
      <AccelerationAxis1>1000</AccelerationAxis1>
      <Axis2Description>Rotate (R)</Axis2Description>
      <LocationAxis2>1909</LocationAxis2>
      <VelocityAxis2>1427</VelocityAxis2>
      <AccelerationAxis2>1000</AccelerationAxis2>
      <Axis3Description>Extend</Axis3Description>
      <LocationAxis3>4180</LocationAxis3>
      <VelocityAxis3>1000</VelocityAxis3>
      <AccelerationAxis3>1000</AccelerationAxis3>
      <ApproachZ>5000</ApproachZ>
    </Location>
  </Locations>
  <Actuators />
  <Inputs />
  <Outputs>
    <Output>
      <IoType>Output</IoType>
      <Address>7</Address>
      <Description>Liquid Valve Needle</Description>
      <OffStateDescription>Blocked</OffStateDescription>
      <OnStateDescription>Open</OnStateDescription>
      <IoNumber>1</IoNumber>
      <InvertPolarity>false</InvertPolarity>
      <LogCommEnabled>true</LogCommEnabled>
      <PickPwm>100</PickPwm>
      <HoldPwm>30</HoldPwm>
      <PickTime>-1</PickTime>
    </Output>
    <Output>
      <IoType>Output</IoType>
      <Address>7</Address>
      <Description>Gas Valve Needle</Description>
      <OffStateDescription>Blocked</OffStateDescription>
      <OnStateDescription>Open</OnStateDescription>
      <IoNumber>2</IoNumber>
      <InvertPolarity>false</InvertPolarity>
      <LogCommEnabled>true</LogCommEnabled>
      <PickPwm>100</PickPwm>
      <HoldPwm>30</HoldPwm>
      <PickTime>-1</PickTime>
    </Output>
    <Output>
      <IoType>Output</IoType>
      <Address>7</Address>
      <Description>Liquid Valve Fill Port</Description>
      <OffStateDescription>Blocked</OffStateDescription>
      <OnStateDescription>Open</OnStateDescription>
      <IoNumber>3</IoNumber>
      <InvertPolarity>false</InvertPolarity>
      <LogCommEnabled>true</LogCommEnabled>
      <PickPwm>100</PickPwm>
      <HoldPwm>30</HoldPwm>
      <PickTime>-1</PickTime>
    </Output>
    <Output>
      <IoType>Output</IoType>
      <Address>7</Address>
      <Description>Gas Valve Fill Port</Description>
      <OffStateDescription>Blocked</OffStateDescription>
      <OnStateDescription>Open</OnStateDescription>
      <IoNumber>4</IoNumber>
      <InvertPolarity>false</InvertPolarity>
      <LogCommEnabled>true</LogCommEnabled>
      <PickPwm>100</PickPwm>
      <HoldPwm>30</HoldPwm>
      <PickTime>-1</PickTime>
    </Output>
  </Outputs>
  <CommPortNumber>6</CommPortNumber>
  <ZPosForRHome>-500</ZPosForRHome>
  <TrayPierceOffset>50</TrayPierceOffset>
  <CollisionZoneLowerLimit>250</CollisionZoneLowerLimit>
  <CollisionZoneUpperLimit>1800</CollisionZoneUpperLimit>
</TitrantTransferArm>