<?xml version="1.0" encoding="utf-8"?>
<Tray xmlns:xsi="http://www.w3.org/2001/XMLSchema-instance" xmlns:xsd="http://www.w3.org/2001/XMLSchema">
  <Name>Tray</Name>
  <DeviceType>Tray</DeviceType>
  <Motors>
    <Motor>
      <Description>Tray X</Description>
      <Address>2</Address>
      <MoveTimeoutSecs>40</MoveTimeoutSecs>
      <LogCommEnabled>true</LogCommEnabled>
      <MotorIndex>0</MotorIndex>
      <Direction>-1</Direction>
      <HoldCurrent>50</HoldCurrent>
      <RunCurrent>100</RunCurrent>
      <StepsPerMillimeter>26.24</StepsPerMillimeter>
      <HomeSpeed>750</HomeSpeed>
      <HomeDistance>-15000</HomeDistance>
      <HomeSwitch1>0</HomeSwitch1>
      <HomeSwitch2>-1</HomeSwitch2>
      <BumpDistance>-1</BumpDistance>
      <ExtendSwitch1>-1</ExtendSwitch1>
      <ExtendSwitch2>-1</ExtendSwitch2>
      <ExtendDistance>0</ExtendDistance>
      <ExtendOffset>0</ExtendOffset>
      <ExtendSpeed>0</ExtendSpeed>
      <RetractSwitch1>0</RetractSwitch1>
      <RetractSwitch2>-1</RetractSwitch2>
      <RetractDistance>-15000</RetractDistance>
      <RetractOffset>0</RetractOffset>
      <RetractSpeed>1000</RetractSpeed>
      <JogSpeed>500</JogSpeed>
      <JogDelay>500</JogDelay>
      <xErrorCount>0</xErrorCount>
      <yErrorCount>0</yErrorCount>
      <zErrorCount>0</zErrorCount>
    </Motor>
    <Motor>
      <Description>Tray Y</Description>
      <Address>1</Address>
      <MoveTimeoutSecs>40</MoveTimeoutSecs>
      <LogCommEnabled>true</LogCommEnabled>
      <MotorIndex>1</MotorIndex>
      <Direction>-1</Direction>
      <HoldCurrent>50</HoldCurrent>
      <RunCurrent>100</RunCurrent>
      <StepsPerMillimeter>26.24</StepsPerMillimeter>
      <HomeSpeed>750</HomeSpeed>
      <HomeDistance>-15000</HomeDistance>
      <HomeSwitch1>0</HomeSwitch1>
      <HomeSwitch2>-1</HomeSwitch2>
      <BumpDistance>-1</BumpDistance>
      <ExtendSwitch1>-1</ExtendSwitch1>
      <ExtendSwitch2>0</ExtendSwitch2>
      <ExtendDistance>15000</ExtendDistance>
      <ExtendOffset>0</ExtendOffset>
      <ExtendSpeed>1000</ExtendSpeed>
      <RetractSwitch1>0</RetractSwitch1>
      <RetractSwitch2>-1</RetractSwitch2>
      <RetractDistance>-15000</RetractDistance>
      <RetractOffset>0</RetractOffset>
      <RetractSpeed>1000</RetractSpeed>
      <JogSpeed>500</JogSpeed>
      <JogDelay>500</JogDelay>
      <xErrorCount>0</xErrorCount>
      <yErrorCount>0</yErrorCount>
      <zErrorCount>0</zErrorCount>
    </Motor>
  </Motors>
  <Pumps />
  <Locations>
    <Location>
      <Name>Home</Name>
      <Axis1Description>X (Left/Right)</Axis1Description>
      <LocationAxis1>0</LocationAxis1>
      <VelocityAxis1>997</VelocityAxis1>
      <AccelerationAxis1>1000</AccelerationAxis1>
      <Axis2Description>Y (In/Out)</Axis2Description>
      <LocationAxis2>0</LocationAxis2>
      <VelocityAxis2>997</VelocityAxis2>
      <AccelerationAxis2>1000</AccelerationAxis2>
      <Axis3Description />
      <LocationAxis3>0</LocationAxis3>
      <VelocityAxis3>1000</VelocityAxis3>
      <AccelerationAxis3>1000</AccelerationAxis3>
      <ApproachZ>5000</ApproachZ>
    </Location>
    <Location>
      <Name>Open</Name>
      <Axis1Description>X (Left/Right)</Axis1Description>
      <LocationAxis1>2876</LocationAxis1>
      <VelocityAxis1>997</VelocityAxis1>
      <AccelerationAxis1>1000</AccelerationAxis1>
      <Axis2Description>Y (In/Out)</Axis2Description>
      <LocationAxis2>10546</LocationAxis2>
      <VelocityAxis2>997</VelocityAxis2>
      <AccelerationAxis2>1000</AccelerationAxis2>
      <Axis3Description />
      <LocationAxis3>0</LocationAxis3>
      <VelocityAxis3>1000</VelocityAxis3>
      <AccelerationAxis3>1000</AccelerationAxis3>
      <ApproachZ>5000</ApproachZ>
    </Location>
    <Location>
      <Name>Plate1</Name>
      <Axis1Description>X (Left/Right)</Axis1Description>
      <LocationAxis1>-171</LocationAxis1>
      <VelocityAxis1>997</VelocityAxis1>
      <AccelerationAxis1>1000</AccelerationAxis1>
      <Axis2Description>Y (In/Out)</Axis2Description>
      <LocationAxis2>3841</LocationAxis2>
      <VelocityAxis2>997</VelocityAxis2>
      <AccelerationAxis2>1000</AccelerationAxis2>
      <Axis3Description />
      <LocationAxis3>0</LocationAxis3>
      <VelocityAxis3>1000</VelocityAxis3>
      <AccelerationAxis3>1000</AccelerationAxis3>
      <ApproachZ>5000</ApproachZ>
    </Location>
    <Location>
      <Name>Plate2</Name>
      <Axis1Description>X (Left/Right)</Axis1Description>
      <LocationAxis1>3282</LocationAxis1>
      <VelocityAxis1>997</VelocityAxis1>
      <AccelerationAxis1>1000</AccelerationAxis1>
      <Axis2Description>Y (In/Out)</Axis2Description>
      <LocationAxis2>3841</LocationAxis2>
      <VelocityAxis2>997</VelocityAxis2>
      <AccelerationAxis2>1000</AccelerationAxis2>
      <Axis3Description />
      <LocationAxis3>0</LocationAxis3>
      <VelocityAxis3>1000</VelocityAxis3>
      <AccelerationAxis3>1000</AccelerationAxis3>
      <ApproachZ>5000</ApproachZ>
    </Location>
    <Location>
      <Name>Plate3</Name>
      <Axis1Description>X (Left/Right)</Axis1Description>
      <LocationAxis1>-171</LocationAxis1>
      <VelocityAxis1>997</VelocityAxis1>
      <AccelerationAxis1>1000</AccelerationAxis1>
      <Axis2Description>Y (In/Out)</Axis2Description>
      <LocationAxis2>1340</LocationAxis2>
      <VelocityAxis2>997</VelocityAxis2>
      <AccelerationAxis2>1000</AccelerationAxis2>
      <Axis3Description />
      <LocationAxis3>0</LocationAxis3>
      <VelocityAxis3>1000</VelocityAxis3>
      <AccelerationAxis3>1000</AccelerationAxis3>
      <ApproachZ>5000</ApproachZ>
    </Location>
    <Location>
      <Name>Plate4</Name>
      <Axis1Description>X (Left/Right)</Axis1Description>
      <LocationAxis1>3282</LocationAxis1>
      <VelocityAxis1>997</VelocityAxis1>
      <AccelerationAxis1>1000</AccelerationAxis1>
      <Axis2Description>Y (In/Out)</Axis2Description>
      <LocationAxis2>1340</LocationAxis2>
      <VelocityAxis2>997</VelocityAxis2>
      <AccelerationAxis2>1000</AccelerationAxis2>
      <Axis3Description />
      <LocationAxis3>0</LocationAxis3>
      <VelocityAxis3>1000</VelocityAxis3>
      <AccelerationAxis3>1000</AccelerationAxis3>
      <ApproachZ>5000</ApproachZ>
    </Location>
    <Location>
      <Name>Park</Name>
      <Axis1Description>X (Left/Right)</Axis1Description>
      <LocationAxis1>2876</LocationAxis1>
      <VelocityAxis1>997</VelocityAxis1>
      <AccelerationAxis1>1000</AccelerationAxis1>
      <Axis2Description>Y (In/Out)</Axis2Description>
      <LocationAxis2>4067</LocationAxis2>
      <VelocityAxis2>997</VelocityAxis2>
      <AccelerationAxis2>1000</AccelerationAxis2>
      <Axis3Description />
      <LocationAxis3>0</LocationAxis3>
      <VelocityAxis3>1000</VelocityAxis3>
      <AccelerationAxis3>1000</AccelerationAxis3>
      <ApproachZ>5000</ApproachZ>
    </Location>
  </Locations>
  <Actuators />
  <Inputs>
    <Input>
      <IoType>Input</IoType>
      <Address>3</Address>
      <Description>Door Detect</Description>
      <OffStateDescription>Door NOT Present</OffStateDescription>
      <OnStateDescription>Door Present</OnStateDescription>
      <IoNumber>1</IoNumber>
      <InvertPolarity>false</InvertPolarity>
      <LogCommEnabled>true</LogCommEnabled>
    </Input>
  </Inputs>
  <Outputs />
  <CommPortNumber>8</CommPortNumber>
  <StepsWellToWell>237</StepsWellToWell>
  <TemperatureSetPoint>24</TemperatureSetPoint>
  <YMaxPosForXMove>4500</YMaxPosForXMove>
  <YCoolZoneMin>3000</YCoolZoneMin>
  <YCoolZoneMax>4500</YCoolZoneMax>
  <DoublePierceLids>true</DoublePierceLids>
  <MaxLostSteps>15</MaxLostSteps>
</Tray>