<?xml version="1.0" encoding="utf-8"?>
<TubeRack xmlns:xsi="http://www.w3.org/2001/XMLSchema-instance" xmlns:xsd="http://www.w3.org/2001/XMLSchema">
  <Name>TubeRack</Name>
  <DeviceType>TubeRack</DeviceType>
  <Motors>
    <Motor>
      <Description>TubeRack Extend</Description>
      <Address>1</Address>
      <MoveTimeoutSecs>30</MoveTimeoutSecs>
      <LogCommEnabled>true</LogCommEnabled>
      <MotorIndex>0</MotorIndex>
      <Direction>1</Direction>
      <HoldCurrent>50</HoldCurrent>
      <RunCurrent>100</RunCurrent>
      <StepsPerMillimeter>26.24</StepsPerMillimeter>
      <HomeSpeed>750</HomeSpeed>
      <HomeDistance>-5500</HomeDistance>
      <HomeSwitch1>0</HomeSwitch1>
      <HomeSwitch2>-1</HomeSwitch2>
      <BumpDistance>-1</BumpDistance>
      <ExtendSwitch1>-1</ExtendSwitch1>
      <ExtendSwitch2>0</ExtendSwitch2>
      <ExtendDistance>5500</ExtendDistance>
      <ExtendOffset>0</ExtendOffset>
      <ExtendSpeed>1000</ExtendSpeed>
      <RetractSwitch1>0</RetractSwitch1>
      <RetractSwitch2>-1</RetractSwitch2>
      <RetractDistance>-5500</RetractDistance>
      <RetractOffset>100</RetractOffset>
      <RetractSpeed>1000</RetractSpeed>
      <JogSpeed>500</JogSpeed>
      <JogDelay>500</JogDelay>
      <xErrorCount>0</xErrorCount>
      <yErrorCount>0</yErrorCount>
      <zErrorCount>0</zErrorCount>
    </Motor>
  </Motors>
  <Pumps />
  <Locations />
  <Actuators>
    <Actuator xsi:type="ActuatorTubeRackLid">
      <Name>Tube Rack Lid</Name>
      <Motors>
        <Motor>
          <Description>Tube Rack Lid</Description>
          <Address>2</Address>
          <MoveTimeoutSecs>20</MoveTimeoutSecs>
          <LogCommEnabled>true</LogCommEnabled>
          <MotorIndex>0</MotorIndex>
          <Direction>1</Direction>
          <HoldCurrent>10</HoldCurrent>
          <RunCurrent>50</RunCurrent>
          <StepsPerMillimeter>200</StepsPerMillimeter>
          <HomeSpeed>800</HomeSpeed>
          <HomeDistance>-3000</HomeDistance>
          <HomeSwitch1>0</HomeSwitch1>
          <HomeSwitch2>-1</HomeSwitch2>
          <BumpDistance>-1</BumpDistance>
          <ExtendSwitch1>-1</ExtendSwitch1>
          <ExtendSwitch2>-1</ExtendSwitch2>
          <ExtendDistance>0</ExtendDistance>
          <ExtendOffset>0</ExtendOffset>
          <ExtendSpeed>0</ExtendSpeed>
          <RetractSwitch1>0</RetractSwitch1>
          <RetractSwitch2>-1</RetractSwitch2>
          <RetractDistance>-3000</RetractDistance>
          <RetractOffset>0</RetractOffset>
          <RetractSpeed>800</RetractSpeed>
          <JogSpeed>500</JogSpeed>
          <JogDelay>500</JogDelay>
          <xErrorCount>0</xErrorCount>
          <yErrorCount>0</yErrorCount>
          <zErrorCount>0</zErrorCount>
        </Motor>
      </Motors>
      <Locations>
        <Location>
          <Name>Closed</Name>
          <Axis1Description>Open/Close</Axis1Description>
          <LocationAxis1>500</LocationAxis1>
          <VelocityAxis1>800</VelocityAxis1>
          <AccelerationAxis1>800</AccelerationAxis1>
          <Axis2Description />
          <LocationAxis2>0</LocationAxis2>
          <VelocityAxis2>1000</VelocityAxis2>
          <AccelerationAxis2>1000</AccelerationAxis2>
          <Axis3Description />
          <LocationAxis3>0</LocationAxis3>
          <VelocityAxis3>1000</VelocityAxis3>
          <AccelerationAxis3>1000</AccelerationAxis3>
          <ApproachZ>0</ApproachZ>
        </Location>
        <Location>
          <Name>Open</Name>
          <Axis1Description>Open/Close</Axis1Description>
          <LocationAxis1>1600</LocationAxis1>
          <VelocityAxis1>800</VelocityAxis1>
          <AccelerationAxis1>800</AccelerationAxis1>
          <Axis2Description />
          <LocationAxis2>0</LocationAxis2>
          <VelocityAxis2>1000</VelocityAxis2>
          <AccelerationAxis2>1000</AccelerationAxis2>
          <Axis3Description />
          <LocationAxis3>0</LocationAxis3>
          <VelocityAxis3>1000</VelocityAxis3>
          <AccelerationAxis3>1000</AccelerationAxis3>
          <ApproachZ>0</ApproachZ>
        </Location>
      </Locations>
      <Inputs>
        <Input>
          <IoType>Input</IoType>
          <Address>4</Address>
          <Description>Lid Closed</Description>
          <OffStateDescription>Not Closed</OffStateDescription>
          <OnStateDescription>Closed</OnStateDescription>
          <IoNumber>4</IoNumber>
          <InvertPolarity>true</InvertPolarity>
          <LogCommEnabled>true</LogCommEnabled>
        </Input>
      </Inputs>
      <Outputs />
    </Actuator>
  </Actuators>
  <Inputs />
  <Outputs />
  <CommPortNumber>11</CommPortNumber>
  <NumberOfTubes>5</NumberOfTubes>
  <TemperatureSetPoint>25</TemperatureSetPoint>
  <OpenCloseVelocity>1000</OpenCloseVelocity>
  <CloseOffset>118</CloseOffset>
</TubeRack>